HPAG1_0479	theta	0.5345880000000001	0.6032355	0.668376
HPAG1_0479	kappa	6.5847	7.97975	9.39617
HPAG1_0479:3	1	0.11248399999999999	0.64299	1.91979	V
HPAG1_0479:6	2	0.102575	0.667507	1.9675200000000002	S
HPAG1_0479:9	3	0.00326216	0.216996	1.38259	L
HPAG1_0479:12	4	0.11892	0.724059	2.0011799999999997	I
HPAG1_0479:15	5	0.191691	0.8884465	2.52353	R
HPAG1_0479:18	6	0.12301400000000001	0.8136654999999999	2.4849	I
HPAG1_0479:21	7	0.508074	1.55742	3.3307	D
HPAG1_0479:24	8	2.0323	4.16765	7.43527	N
HPAG1_0479:27	9	0.310311	1.2360799999999998	2.99215	N
HPAG1_0479:30	10	0.131467	0.74585	2.08941	K
HPAG1_0479:33	11	0.10363199999999999	0.6037220000000001	1.7801099999999999	K
HPAG1_0479:36	12	0.497962	1.53324	3.56514	V
HPAG1_0479:39	13	0.0892162	0.593024	1.7967400000000002	I
HPAG1_0479:42	14	0.316216	1.15041	2.8566599999999998	E
HPAG1_0479:45	15	0.5457810000000001	1.69048	3.7771800000000004	V
HPAG1_0479:48	16	0.280561	1.13618	2.70002	S
HPAG1_0479:51	17	0.0399956	0.4349345	1.6438	I
HPAG1_0479:54	18	0.0989814	0.6411115	1.9638799999999998	P
HPAG1_0479:57	19	0.044802499999999995	0.715286	2.7063	L
HPAG1_0479:60	20	0.188288	0.8610659999999999	2.26477	T
HPAG1_0479:63	21	0.3636	1.3556949999999999	3.3292800000000002	S
HPAG1_0479:X	X	0.314175	1.6797150000000003	4.76503	-
HPAG1_0479:X	X	0.0626379	0.8040275	3.27964	-
HPAG1_0479:66	22	0.380918	1.412875	3.36458	I
HPAG1_0479:69	23	0.378308	1.43797	3.4781699999999995	S
HPAG1_0479:72	24	0.321142	1.13615	2.5725700000000002	G
HPAG1_0479:75	25	0.29646100000000003	1.11768	2.6374400000000002	K
HPAG1_0479:78	26	0.787105	2.095365	4.4989300000000005	V
HPAG1_0479:81	27	0.170016	0.8810419999999999	2.34545	R
HPAG1_0479:84	28	0.0918447	0.576859	1.77735	V
HPAG1_0479:87	29	0.0639986	0.583121	1.9274200000000001	K
HPAG1_0479:90	30	0.0931412	0.5460324999999999	1.74112	I
HPAG1_0479:93	31	0.09169760000000002	0.611388	1.86906	R
HPAG1_0479:96	32	0.18246199999999999	0.81777	2.22487	H
HPAG1_0479:99	33	0.21284899999999998	0.9326835	2.51724	A
HPAG1_0479:102	34	0.00274859	0.163383	0.8741469999999999	F
HPAG1_0479:105	35	0.0252966	0.3572745	1.31175	S
HPAG1_0479:108	36	0.00676972	0.1612935	0.883983	D
HPAG1_0479:111	37	0.130143	0.695239	2.03225	Y
HPAG1_0479:114	38	0.159024	0.718758	1.9447	G
HPAG1_0479:117	39	0.5412680000000001	1.693365	3.8231599999999997	I
HPAG1_0479:120	40	0.13756	0.76932	2.35488	S
HPAG1_0479:123	41	0.0796943	0.572505	1.7909	T
HPAG1_0479:126	42	0.298858	1.12626	2.8104	A
HPAG1_0479:129	43	0.215996	1.00137	2.64217	T
HPAG1_0479:132	44	0.123578	0.6968894999999999	2.02148	R
HPAG1_0479:135	45	0.607935	1.7935299999999998	3.88559	K
HPAG1_0479:138	46	0.212269	0.939475	2.39311	I
HPAG1_0479:141	47	0.570209	1.7823200000000001	3.9435300000000004	P
HPAG1_0479:144	48	0.024569099999999996	0.3169825	1.2454100000000001	F
HPAG1_0479:147	49	0.731827	2.11102	4.0865800000000005	S
HPAG1_0479:150	50	0.0556184	0.7544664999999999	2.5023	L
HPAG1_0479:X	X	0.0104741	0.732066	3.6844300000000003	-
HPAG1_0479:153	51	0.159288	0.8470679999999999	2.2692900000000003	K
HPAG1_0479:156	52	0.214009	0.984762	2.4414599999999997	H
HPAG1_0479:159	53	0.109026	0.703808	2.1120900000000002	Y
HPAG1_0479:162	54	0.398073	1.45725	3.4732300000000005	V
HPAG1_0479:165	55	0.271406	0.9786715	2.31208	E
HPAG1_0479:168	56	0.27419899999999997	1.199245	3.06298	W
HPAG1_0479:171	57	NA	NA	NA	X
HPAG1_0479:174	58	NA	NA	NA	X
HPAG1_0479:177	59	NA	NA	NA	X
HPAG1_0479:X	X	0.0114362	0.6648620000000001	3.8258699999999997	-
HPAG1_0479:X	X	0.018358799999999998	0.641931	3.7297800000000003	-
HPAG1_0479:X	X	0.00743271	0.663928	3.7244900000000003	-
HPAG1_0479:X	X	0.010386399999999999	0.622728	3.5903699999999996	-
HPAG1_0479:X	X	0.0272183	0.718013	3.57304	-
HPAG1_0479:X	X	0.0178241	0.7191745	3.62374	-
HPAG1_0479:180	60	NA	NA	NA	X
HPAG1_0479:183	61	NA	NA	NA	X
HPAG1_0479:186	62	NA	NA	NA	X
HPAG1_0479:189	63	0.357512	1.2357799999999999	2.87052	P
HPAG1_0479:192	64	0.037163999999999996	0.3651905	1.1984	I
HPAG1_0479:195	65	0.135203	0.751962	2.15329	K
HPAG1_0479:198	66	0.0342314	0.3477775	1.27155	D
HPAG1_0479:201	67	0.11428599999999998	0.628562	1.92838	K
HPAG1_0479:204	68	0.08869860000000002	0.617913	1.804	E
HPAG1_0479:X	X	0.022677700000000002	0.8034100000000001	4.11072	-
HPAG1_0479:207	69	0.00487126	0.181048	0.9771209999999999	K
HPAG1_0479:210	70	0.0330076	0.39478199999999997	1.53116	F
HPAG1_0479:213	71	0.0382638	0.397712	1.47072	E
HPAG1_0479:216	72	0.0398916	0.408565	1.49993	L
HPAG1_0479:219	73	0.0506461	0.450236	1.52482	T
HPAG1_0479:222	74	0.202401	0.821954	2.22789	T
HPAG1_0479:225	75	0.0457675	0.576262	2.12615	L
HPAG1_0479:228	76	0.0352164	0.412945	1.4924600000000001	K
HPAG1_0479:231	77	0.033815899999999996	0.3883875	1.36476	D
HPAG1_0479:234	78	0.102681	0.626925	1.8871200000000001	E
HPAG1_0479:237	79	0.0411113	0.408395	1.41996	K
HPAG1_0479:240	80	0.0330084	0.37748899999999996	1.3352	Y
HPAG1_0479:243	81	0.201705	0.905545	2.35091	H
HPAG1_0479:246	82	0.0920293	0.613887	1.86035	F
HPAG1_0479:249	83	0.165774	0.9990285	2.88848	L
HPAG1_0479:252	84	0.175808	0.8808469999999999	2.48336	G
HPAG1_0479:255	85	0.334731	1.27665	3.11037	A
HPAG1_0479:258	86	0.00214168	0.154421	0.8602989999999999	N
HPAG1_0479:261	87	0.617704	1.8323200000000002	3.8544099999999997	D
HPAG1_0479:264	88	0.228983	0.9747490000000001	2.60528	K
HPAG1_0479:267	89	0.7722600000000001	2.06047	4.22391	V
HPAG1_0479:270	90	0.00560308	0.163152	0.861593	K
HPAG1_0479:273	91	0.00478561	0.13609000000000002	0.774649	T
HPAG1_0479:276	92	0.192379	0.8864575	2.2639299999999998	L
HPAG1_0479:279	93	0.0027375	0.1719125	1.0533299999999999	Y
HPAG1_0479:282	94	0.037260900000000007	0.369437	1.35562	E
HPAG1_0479:285	95	0.00582015	0.2118915	1.31676	L
HPAG1_0479:288	96	0.0816824	0.5438745	1.57041	S
HPAG1_0479:291	97	0.00341033	0.153499	0.8595139999999999	E
HPAG1_0479:294	98	0.194718	1.01078	2.51055	M
HPAG1_0479:297	99	0.029791700000000004	0.3740595	1.44201	I
HPAG1_0479:300	100	0.178052	0.823479	2.1830700000000003	Y
HPAG1_0479:303	101	0.039963099999999994	0.386818	1.4328	Y
HPAG1_0479:306	102	0.42332	1.394455	3.1474900000000003	A
HPAG1_0479:309	103	0.0349249	0.359503	1.4134	K
HPAG1_0479:312	104	0.184052	0.9640225	2.75201	Q
HPAG1_0479:315	105	0.11993	0.824837	2.5390099999999998	L
HPAG1_0479:318	106	0.520003	1.73754	3.72597	G
HPAG1_0479:321	107	NA	NA	NA	X
HPAG1_0479:324	108	NA	NA	NA	X
HPAG1_0479:327	109	NA	NA	NA	X
HPAG1_0479:X	X	0.0248469	0.701721	3.7440800000000003	-
HPAG1_0479:X	X	0.013863299999999999	0.6741745	3.5846199999999997	-
HPAG1_0479:X	X	0.011837799999999999	0.7258560000000001	3.6413599999999997	-
HPAG1_0479:330	110	NA	NA	NA	X
HPAG1_0479:333	111	NA	NA	NA	X
HPAG1_0479:336	112	NA	NA	NA	X
HPAG1_0479:339	113	0.00278822	0.20727299999999999	1.2586700000000002	L
HPAG1_0479:342	114	0.038210400000000005	0.38805500000000004	1.43523	E
HPAG1_0479:345	115	0.00221489	0.15607100000000002	0.8940229999999999	N
HPAG1_0479:348	116	0.19362000000000001	0.9565739999999999	2.52494	T
HPAG1_0479:351	117	0.00521305	0.26275250000000006	1.54698	L
HPAG1_0479:354	118	0.09963530000000001	0.585466	1.78721	K
HPAG1_0479:357	119	0.192697	0.975519	2.58623	Y
HPAG1_0479:360	120	0.0592835	0.5479674999999999	2.01556	L
HPAG1_0479:363	121	0.10547999999999999	0.602367	1.7129	E
HPAG1_0479:366	122	0.0365995	0.397024	1.43964	K
HPAG1_0479:369	123	0.00520178	0.20883849999999998	1.25324	Q
HPAG1_0479:X	X	0.00805228	0.546006	3.13808	-
HPAG1_0479:372	124	0.030013599999999998	0.41813100000000003	1.43587	K
HPAG1_0479:375	125	0.0546808	0.533924	2.05088	Q
HPAG1_0479:378	126	0.00505691	0.148466	0.799323	F
HPAG1_0479:381	127	0.00255149	0.132447	0.7794409999999999	I
HPAG1_0479:384	128	0.180577	0.8445425	2.2237400000000003	E
HPAG1_0479:387	129	0.32219000000000003	1.25716	2.8610599999999997	D
HPAG1_0479:390	130	NA	NA	NA	X
HPAG1_0479:393	131	NA	NA	NA	X
HPAG1_0479:396	132	NA	NA	NA	X
HPAG1_0479:X	X	0.017131599999999997	0.6893875	3.6201800000000004	-
HPAG1_0479:X	X	0.00372635	0.697654	4.09163	-
HPAG1_0479:X	X	0.010516	0.694876	3.96425	-
HPAG1_0479:X	X	0.016756599999999996	0.6697995	3.4397300000000004	-
HPAG1_0479:X	X	0.010298200000000002	0.6943285000000001	3.71234	-
HPAG1_0479:X	X	0.00501413	0.638305	3.75904	-
HPAG1_0479:X	X	0.0132981	0.648047	3.36049	-
HPAG1_0479:X	X	0.0063357	0.730821	4.00694	-
HPAG1_0479:X	X	0.0202791	0.667939	3.46695	-
HPAG1_0479:X	X	0.0110788	0.6713545000000001	3.8445400000000003	-
HPAG1_0479:X	X	0.016394400000000003	0.6875525	3.42061	-
HPAG1_0479:X	X	0.0106541	0.7253835	3.80971	-
HPAG1_0479:X	X	0.017106700000000002	0.689739	3.71779	-
HPAG1_0479:X	X	0.00366735	0.7166675	3.83052	-
HPAG1_0479:X	X	0.00753251	0.6840605	3.46987	-
HPAG1_0479:X	X	0.0164363	0.777642	3.78517	-
HPAG1_0479:X	X	0.00112727	0.624437	3.59935	-
HPAG1_0479:X	X	0.012021899999999999	0.7202109999999999	3.85509	-
HPAG1_0479:X	X	0.033348699999999995	0.7678825	3.87325	-
HPAG1_0479:X	X	0.0148371	0.7559644999999999	3.62646	-
HPAG1_0479:X	X	0.0122036	0.664421	3.4991800000000004	-
HPAG1_0479:X	X	0.00905569	0.697435	4.03107	-
HPAG1_0479:X	X	0.00496076	0.69512	3.97163	-
HPAG1_0479:X	X	0.007699299999999999	0.669845	3.62656	-
HPAG1_0479:X	X	0.0193742	0.74029	3.59571	-
HPAG1_0479:X	X	0.011905500000000001	0.665824	3.59744	-
HPAG1_0479:X	X	0.0120929	0.6585695	3.3722199999999996	-
HPAG1_0479:X	X	0.024313400000000002	0.7427954999999999	3.9042800000000004	-
HPAG1_0479:X	X	0.013962200000000001	0.6817009999999999	3.6181300000000003	-
HPAG1_0479:X	X	0.0161344	0.7274229999999999	3.81673	-
HPAG1_0479:X	X	0.013667799999999999	0.654163	3.5790800000000003	-
HPAG1_0479:X	X	0.0096256	0.721754	3.6386300000000005	-
HPAG1_0479:X	X	0.0180763	0.671805	3.52452	-
HPAG1_0479:X	X	0.0151361	0.6318729999999999	3.71424	-
HPAG1_0479:X	X	0.0166288	0.6670714999999999	3.83636	-
HPAG1_0479:399	133	NA	NA	NA	X
HPAG1_0479:402	134	NA	NA	NA	X
HPAG1_0479:405	135	NA	NA	NA	X
HPAG1_0479:408	136	0.0905908	0.5885659999999999	1.8590099999999998	E
HPAG1_0479:411	137	0.228429	0.9385195	2.49382	R
HPAG1_0479:414	138	0.0408966	0.360076	1.30235	F
HPAG1_0479:417	139	0.0386206	0.437054	1.581	R
HPAG1_0479:420	140	0.367102	1.41243	3.45111	S
HPAG1_0479:423	141	0.197431	0.851572	2.31121	H
HPAG1_0479:426	142	0.05157869999999999	0.550708	2.11111	Q
HPAG1_0479:429	143	0.00318321	0.1537345	0.8896149999999999	F
HPAG1_0479:432	144	0.300354	1.09671	2.87054	G
HPAG1_0479:435	145	0.109454	0.635757	1.8899	G
HPAG1_0479:438	146	0.172322	0.6925805	1.85033	M
HPAG1_0479:441	147	0.20695700000000003	0.905167	2.28402	D
HPAG1_0479:444	148	0.00217032	0.1626725	0.929444	F
HPAG1_0479:447	149	0.0357799	0.392648	1.3593899999999999	E
HPAG1_0479:450	150	0.038042	0.395223	1.50997	L
HPAG1_0479:453	151	0.10764100000000001	0.681738	2.13044	S
HPAG1_0479:456	152	0.380754	1.32608	3.03409	R
HPAG1_0479:459	153	0.0338797	0.35660349999999996	1.37889	I
HPAG1_0479:462	154	0.206379	0.9033315	2.4043400000000004	S
HPAG1_0479:465	155	0.0344124	0.381841	1.36867	Y
HPAG1_0479:468	156	0.1858	0.84196	2.2856799999999997	P
HPAG1_0479:471	157	0.00197271	0.19670549999999998	1.2541	L
HPAG1_0479:474	158	0.0977863	0.636169	1.9176	L
HPAG1_0479:477	159	0.09799400000000001	0.635888	1.8745900000000002	I
HPAG1_0479:480	160	0.19989	0.8622495	2.2399299999999998	H
HPAG1_0479:483	161	0.133858	0.733441	2.19817	S
HPAG1_0479:486	162	0.0247636	0.335539	1.24358	F
HPAG1_0479:489	163	0.0983497	0.6287940000000001	1.84463	D
HPAG1_0479:492	164	0.038554000000000005	0.406436	1.50708	D
HPAG1_0479:495	165	0.09738730000000001	0.570371	1.75565	N
HPAG1_0479:498	166	0.109125	0.7535115	2.31485	Q
HPAG1_0479:501	167	0.00632408	0.2175925	1.28245	L
HPAG1_0479:504	168	0.193153	0.863834	2.29585	S
HPAG1_0479:507	169	0.028229	0.378775	1.27854	E
HPAG1_0479:510	170	0.13559300000000002	0.6934859999999999	1.88146	I
HPAG1_0479:513	171	0.0498136	0.4647555	1.64189	V
HPAG1_0479:516	172	0.00207729	0.155092	0.858368	I
HPAG1_0479:519	173	0.303873	1.09143	2.63378	R
HPAG1_0479:522	174	0.0317723	0.37542	1.3603399999999999	E
HPAG1_0479:525	175	0.29196500000000003	1.26834	3.3368599999999997	Q
HPAG1_0479:528	176	0.0584959	0.5391245	1.91071	Q
HPAG1_0479:531	177	0.10171000000000001	0.6434785000000001	1.90651	Y
HPAG1_0479:534	178	0.112724	0.6182475000000001	1.86936	G
HPAG1_0479:537	179	0.12593800000000002	0.6871435	2.11903	S
HPAG1_0479:540	180	0.033120699999999996	0.363821	1.3870799999999999	K
HPAG1_0479:543	181	0.33455300000000004	1.1367850000000002	2.70926	T
HPAG1_0479:546	182	0.044743	0.503208	1.72335	Q
HPAG1_0479:549	183	0.225782	0.973784	2.62918	A
HPAG1_0479:552	184	0.0819971	0.5385645	1.5715	M
HPAG1_0479:X	X	0.0111203	0.6294649999999999	3.62126	-
HPAG1_0479:555	185	0.0463548	0.4832435	1.72859	L
HPAG1_0479:558	186	0.6905939999999999	1.9511900000000002	4.02763	Y
HPAG1_0479:561	187	0.106244	0.6034745	1.80655	F
HPAG1_0479:564	188	0.28679099999999996	0.98635	2.47076	C
HPAG1_0479:567	189	0.12303900000000001	0.6531359999999999	1.8515700000000002	F
HPAG1_0479:570	190	0.312959	1.12218	2.8645400000000003	S
HPAG1_0479:573	191	0.38953000000000004	1.371205	3.17455	I
HPAG1_0479:576	192	0.233294	1.0396900000000002	2.8414	L
HPAG1_0479:579	193	0.0356706	0.34700200000000003	1.2854700000000001	E
HPAG1_0479:582	194	0.05411319999999999	0.6830615	2.30872	L
HPAG1_0479:585	195	0.129604	0.690877	2.04385	K
HPAG1_0479:588	196	0.17336500000000002	0.8937035	2.44475	T
HPAG1_0479:591	197	0.342494	1.29239	3.0956200000000003	A
HPAG1_0479:594	198	0.712925	2.10304	4.32984	T
HPAG1_0479:597	199	0.207275	0.948635	2.54105	P
HPAG1_0479:600	200	0.0488908	0.545488	1.9926599999999999	L
HPAG1_0479:603	201	0.0519628	0.5248065	1.9384099999999997	L
HPAG1_0479:606	202	0.16606400000000002	0.7050919999999999	1.91767	N
HPAG1_0479:609	203	NA	NA	NA	X
HPAG1_0479:612	204	NA	NA	NA	X
HPAG1_0479:615	205	NA	NA	NA	X
HPAG1_0479:X	X	0.014035200000000001	0.682304	3.6747699999999996	-
HPAG1_0479:X	X	0.0123272	0.7149675	3.87131	-
HPAG1_0479:X	X	0.026224900000000002	0.715749	3.76525	-
HPAG1_0479:618	206	NA	NA	NA	X
HPAG1_0479:621	207	NA	NA	NA	X
HPAG1_0479:624	208	NA	NA	NA	X
HPAG1_0479:627	209	0.044455699999999994	0.37780400000000003	1.33691	E
HPAG1_0479:630	210	0.518807	1.5436550000000002	3.3311900000000003	H
HPAG1_0479:633	211	0.176126	0.808299	2.1571599999999997	A
HPAG1_0479:636	212	0.225658	1.081895	2.7477	L
HPAG1_0479:639	213	0.0535951	0.536421	1.9999099999999999	L
HPAG1_0479:642	214	0.545209	1.71056	3.70424	T
HPAG1_0479:645	215	0.0334303	0.423659	1.46425	I
HPAG1_0479:648	216	0.30383499999999997	1.1477849999999998	2.7711200000000002	H
HPAG1_0479:651	217	0.29238400000000003	1.2602799999999998	3.1526400000000003	K
HPAG1_0479:654	218	0.433142	1.39085	3.2582	T
HPAG1_0479:657	219	0.00401429	0.14998399999999998	0.921746	N
HPAG1_0479:660	220	0.128746	0.6862010000000001	2.10065	A
HPAG1_0479:663	221	0.88323	2.249905	4.48364	L
HPAG1_0479:666	222	0.392771	1.2857299999999998	2.8887	M
HPAG1_0479:669	223	0.10269	0.5932430000000001	1.72227	F
HPAG1_0479:672	224	0.00486484	0.26012799999999997	1.41257	L
HPAG1_0479:675	225	0.130391	0.668806	2.09369	E
HPAG1_0479:678	226	0.08402180000000001	0.517169	1.59666	M
HPAG1_0479:681	227	0.040525	0.48034	1.66087	L
HPAG1_0479:684	228	0.0309767	0.38540399999999997	1.40127	K
HPAG1_0479:687	229	0.211963	0.9624679999999999	2.57947	I
HPAG1_0479:690	230	0.0290577	0.36142	1.42465	F
HPAG1_0479:693	231	0.18645699999999998	0.8717444999999999	2.44006	G
HPAG1_0479:696	232	0.202665	0.9449529999999999	2.49995	L
HPAG1_0479:699	233	0.0544269	0.6293005	2.22821	L
HPAG1_0479:702	234	0.182508	0.782124	2.05625	S
HPAG1_0479:705	235	0.139043	0.878107	2.63395	Q
HPAG1_0479:708	236	0.715561	2.137115	4.38396	A
HPAG1_0479:711	237	0.033619300000000005	0.38951500000000006	1.47749	H
HPAG1_0479:714	238	0.08177360000000002	0.583182	1.7622900000000001	H
HPAG1_0479:717	239	0.400739	1.3041900000000002	2.978	N
HPAG1_0479:720	240	0.371798	1.2630299999999999	2.95149	D
HPAG1_0479:723	241	0.34298	1.30596	3.21648	V
HPAG1_0479:726	242	0.0540457	0.582299	2.1194	L
HPAG1_0479:729	243	0.173978	0.824526	2.1434599999999997	K
HPAG1_0479:732	244	0.0341154	0.372281	1.3292899999999999	I
HPAG1_0479:735	245	0.0416435	0.541848	1.94153	L
HPAG1_0479:738	246	0.37346999999999997	1.3598050000000002	3.12832	E
HPAG1_0479:741	247	0.03633	0.346885	1.32798	K
HPAG1_0479:744	248	0.156593	0.741781	1.9595099999999999	I
HPAG1_0479:747	249	0.0354838	0.426936	1.51736	L
HPAG1_0479:750	250	0.047136199999999996	0.548459	1.9362099999999998	Q
HPAG1_0479:753	251	0.040951999999999995	0.434112	1.52895	N
